mcid,program
MCID3111142965,EE
MCID3111145102,EE
MCID3111146537,EE
MCID3111146674,EE
MCID3111150194,ISE
MCID3111151029,ME
MCID3111156062,CE
MCID3111156083,EE
MCID3111156325,EE
MCID3111158221,ISE
MCID3111158631,CE
MCID3111161034,EE
MCID3111161749,CE
MCID3111162963,ISE
MCID3111163430,ME
MCID3111163631,ME
MCID3111163817,ME
MCID3111164269,ME
MCID3111165699,CE
MCID3111166145,ME
MCID3111178071,EE
MCID3111178149,ISE
MCID3111178599,EE
MCID3111180491,CE
MCID3111180503,EE
MCID3111180773,EE
MCID3111180846,ME
MCID3111180956,ME
MCID3111181053,CE
MCID3111184775,CE
MCID3111185235,CE
MCID3111185297,ME
MCID3111186153,CE
MCID3111186865,ISE
MCID3111186869,ISE
MCID3111188863,CE
MCID3111188912,CE
MCID3111189220,ME
MCID3111189315,CE
MCID3111189615,CE
MCID3111189862,ME
MCID3111189863,CE
MCID3111189912,CE
MCID3111189951,CE
MCID3111190153,ME
MCID3111190337,EE
MCID3111190378,ISE
MCID3111190439,ISE
MCID3111190442,ME
MCID3111190517,EE
MCID3111190632,EE
MCID3111190696,EE
MCID3111190843,ME
MCID3111193350,ME
MCID3111194996,ME
MCID3111195129,ME
MCID3111195218,ME
MCID3111195301,EE
MCID3111195308,ISE
MCID3111195414,EE
MCID3111196437,ME
MCID3111198328,CE
MCID3111199777,ISE
MCID3111199779,CE
MCID3111200258,EE
MCID3111201024,ISE
MCID3111201392,CE
MCID3111201415,ME
MCID3111201939,EE
MCID3111201947,CE
MCID3111202184,EE
MCID3111202473,EE
MCID3111202481,EE
MCID3111202494,ME
MCID3111202504,CE
MCID3111202515,ME
MCID3111202546,ME
MCID3111202553,ISE
MCID3111202571,EE
MCID3111202581,CE
MCID3111202802,ME
MCID3111202840,ISE
MCID3111202841,CE
MCID3111203132,ME
MCID3111203133,CE
MCID3111203468,CE
MCID3111203777,EE
MCID3111203781,ME
MCID3111203801,ME
MCID3111203802,CE
MCID3111204804,CE
MCID3111204810,ME
MCID3111204822,ME
MCID3111204832,CE
MCID3111204834,CE
MCID3111204843,ISE
MCID3111204858,ISE
MCID3111204860,CE
MCID3111204884,ME
MCID3111204938,ME
MCID3111204940,CE
MCID3111204942,EE
MCID3111204954,CE
MCID3111204965,ISE
MCID3111205502,ISE
MCID3111205508,CE
MCID3111205519,ME
MCID3111205529,ME
MCID3111205551,EE
MCID3111205552,CE
MCID3111205559,ISE
MCID3111205562,ME
MCID3111205566,ME
MCID3111205585,EE
MCID3111206066,EE
MCID3111206097,ME
MCID3111206245,ISE
MCID3111206503,CE
MCID3111206506,CE
MCID3111206510,EE
MCID3111206514,ME
MCID3111206518,ME
MCID3111206521,CE
MCID3111206544,ME
MCID3111206562,ME
MCID3111206563,CE
MCID3111206564,CE
MCID3111206906,EE
MCID3111206930,CE
MCID3111206936,ME
MCID3111206947,ME
MCID3111206968,EE
MCID3111207098,CE
MCID3111207120,EE
MCID3111207300,ME
MCID3111207302,ME
MCID3111207303,CE
MCID3111207320,ME
MCID3111207332,EE
MCID3111207338,ISE
MCID3111207456,ME
MCID3111207847,CE
MCID3111208159,ME
MCID3111208170,CE
MCID3111208187,EE
MCID3111208202,ME
MCID3111208209,ME
MCID3111208249,EE
MCID3111208255,ME
MCID3111208463,EE
MCID3111208464,CE
MCID3111208481,CE
MCID3111208483,ME
MCID3111208690,ME
MCID3111208695,CE
MCID3111208698,ME
MCID3111208706,ME
MCID3111208774,CE
MCID3111208792,ME
MCID3111208893,CE
MCID3111208899,ISE
MCID3111208919,ME
MCID3111209062,ME
MCID3111209064,EE
MCID3111209065,EE
MCID3111209067,ME
MCID3111209212,CE
MCID3111209219,EE
MCID3111209472,EE
MCID3111209537,EE
MCID3111209567,EE
MCID3111209568,ME
MCID3111209609,EE
MCID3111212833,ME
MCID3111213000,CE
MCID3111213143,CE
MCID3111213588,CE
MCID3111213604,CE
MCID3111214245,ME
MCID3111214359,ME
MCID3111214472,ME
MCID3111214490,EE
MCID3111214572,ME
MCID3111214596,EE
MCID3111214644,ME
MCID3111214650,EE
MCID3111214701,ME
MCID3111214895,ME
MCID3111214962,ME
MCID3111215020,EE
MCID3111215046,ME
MCID3111215269,ME
MCID3111215304,EE
MCID3111215372,EE
MCID3111215443,CE
MCID3111215468,ME
MCID3111215533,EE
MCID3111215858,EE
MCID3111215946,CE
MCID3111216013,CE
MCID3111216116,EE
MCID3111216263,ME
MCID3111216693,CE
MCID3111216762,CE
MCID3111217029,ME
MCID3111217189,EE
MCID3111217242,CE
MCID3111217681,ME
MCID3111218086,CE
MCID3111218175,CE
MCID3111220581,EE
MCID3111220898,CE
MCID3111222102,EE
MCID3111224604,ME
MCID3111224620,ME
MCID3111224869,CE
MCID3111228864,ME
MCID3111229079,ME
MCID3111229516,ME
MCID3111229543,ME
MCID3111230867,EE
MCID3111230894,EE
MCID3111231271,CE
MCID3111231304,EE
MCID3111232171,EE
MCID3111232182,CE
MCID3111233302,CE
MCID3111233350,ME
MCID3111233729,ME
MCID3111233730,ME
MCID3111233733,CE
MCID3111233792,ME
MCID3111233902,ME
MCID3111233965,EE
MCID3111234384,EE
MCID3111234403,EE
MCID3111234523,ME
MCID3111234579,CE
MCID3111234667,ME
MCID3111234846,EE
MCID3111234919,ME
MCID3111234996,ME
MCID3111235050,CE
MCID3111235202,EE
MCID3111235261,ISE
MCID3111235300,ME
MCID3111235338,ISE
MCID3111235520,ISE
MCID3111238809,CE
MCID3111239249,EE
MCID3111239732,CE
MCID3111239795,EE
MCID3111239913,EE
MCID3111239947,CE
MCID3111239979,CE
MCID3111239986,EE
MCID3111242822,CE
MCID3111243043,CE
MCID3111243307,EE
MCID3111243310,CE
MCID3111243321,EE
MCID3111243327,ISE
MCID3111243747,CE
MCID3111243792,ISE
MCID3111244360,EE
MCID3111244877,ISE
MCID3111244888,ISE
MCID3111244914,ISE
MCID3111245356,CE
MCID3111245361,ME
MCID3111245373,ME
MCID3111245648,ME
MCID3111245941,CE
MCID3111246222,CE
MCID3111246780,EE
MCID3111247064,CE
MCID3111247088,ME
MCID3111247093,ME
MCID3111247447,EE
MCID3111247751,CE
MCID3111247840,ISE
MCID3111248066,ME
MCID3111248311,CE
MCID3111248318,ISE
MCID3111248338,CE
MCID3111248341,EE
MCID3111248360,ME
MCID3111248363,ME
MCID3111248603,ME
MCID3111248606,CE
MCID3111248927,CE
MCID3111248929,EE
MCID3111248930,CE
MCID3111248967,CE
MCID3111248974,EE
MCID3111248980,EE
MCID3111248990,ME
MCID3111249004,EE
MCID3111249006,EE
MCID3111249009,ME
MCID3111249014,EE
MCID3111249032,EE
MCID3111249956,ISE
MCID3111249973,CE
MCID3111249976,ME
MCID3111249980,ME
MCID3111249988,ISE
MCID3111249992,ME
MCID3111249995,ME
MCID3111250054,EE
MCID3111250060,CE
MCID3111250629,CE
MCID3111250630,ISE
MCID3111250648,ME
MCID3111250654,CE
MCID3111250887,ISE
MCID3111251171,ME
MCID3111251565,ISE
MCID3111251575,ISE
MCID3111251591,EE
MCID3111251925,ME
MCID3111251939,CE
MCID3111252112,ME
MCID3111252344,EE
MCID3111252346,ME
MCID3111252350,ME
MCID3111252353,ME
MCID3111252385,EE
MCID3111252519,ME
MCID3111252548,CE
MCID3111252708,ME
MCID3111252711,ME
MCID3111252712,CE
MCID3111252719,EE
MCID3111253164,CE
MCID3111253175,ME
MCID3111253194,EE
MCID3111253205,CE
MCID3111253216,CE
MCID3111253227,ME
MCID3111253444,ME
MCID3111253446,ME
MCID3111253447,CE
MCID3111253450,ISE
MCID3111253642,EE
MCID3111253792,EE
MCID3111253842,ME
MCID3111253909,ISE
MCID3111254004,CE
MCID3111254013,ME
MCID3111254097,ME
MCID3111254099,ME
MCID3111254119,EE
MCID3111254313,ME
MCID3111254314,EE
MCID3111254327,EE
MCID3111257867,CE
MCID3111258021,EE
MCID3111258297,ME
MCID3111258299,CE
MCID3111258361,CE
MCID3111259385,CE
MCID3111259418,EE
MCID3111260184,ME
MCID3111260400,EE
MCID3111260473,CE
MCID3111260593,EE
MCID3111260642,ME
MCID3111260790,EE
MCID3111261223,ME
MCID3111261386,ME
MCID3111261387,EE
MCID3111261449,CE
MCID3111261510,CE
MCID3111261637,CE
MCID3111261803,CE
MCID3111261894,EE
MCID3111261965,CE
MCID3111262014,ME
MCID3111262127,EE
MCID3111262170,ME
MCID3111262210,CE
MCID3111262214,CE
MCID3111263513,EE
MCID3111264705,EE
MCID3111264778,CE
MCID3111264801,CE
MCID3111264910,CE
MCID3111264963,ME
MCID3111265126,EE
MCID3111265247,EE
MCID3111265573,ME
MCID3111265649,CE
MCID3111265814,EE
MCID3111268592,CE
MCID3111269150,ME
MCID3111269712,EE
MCID3111269906,ME
MCID3111270397,CE
MCID3111270458,ME
MCID3111272661,EE
MCID3111272722,ME
MCID3111273051,EE
MCID3111273593,EE
MCID3111274385,EE
MCID3111274444,EE
MCID3111275620,CE
MCID3111277507,CE
MCID3111278426,ME
MCID3111282829,ME
MCID3111283054,EE
MCID3111284086,EE
MCID3111284441,CE
MCID3111284494,ME
MCID3111286391,ME
MCID3111286412,CE
MCID3111286490,CE
MCID3111286520,ME
MCID3111286719,ME
MCID3111286853,CE
MCID3111286874,CE
MCID3111286972,EE
MCID3111287122,EE
MCID3111287268,EE
MCID3111287270,ISE
MCID3111287300,EE
MCID3111287301,CE
MCID3111287489,ME
MCID3111287669,ISE
MCID3111287744,ME
MCID3111287745,EE
MCID3111287746,ME
MCID3111287755,CE
MCID3111287765,EE
MCID3111287933,ME
MCID3111287961,EE
MCID3111288180,EE
MCID3111288198,ISE
MCID3111288218,EE
MCID3111288244,EE
MCID3111288265,EE
MCID3111288276,EE
MCID3111288353,EE
MCID3111291953,ME
MCID3111292135,ME
MCID3111292581,CE
MCID3111292771,ISE
MCID3111292990,EE
MCID3111295971,CE
MCID3111296062,CE
MCID3111296309,EE
MCID3111296331,CE
MCID3111296556,EE
MCID3111296869,CE
MCID3111297062,ISE
MCID3111297325,CE
MCID3111297740,ME
MCID3111297755,EE
MCID3111297773,ME
MCID3111297774,EE
MCID3111298312,CE
MCID3111298314,CE
MCID3111298332,CE
MCID3111298368,ME
MCID3111298568,ME
MCID3111298823,EE
MCID3111298850,ISE
MCID3111299072,ISE
MCID3111299086,ISE
MCID3111299436,CE
MCID3111299466,CE
MCID3111299792,ME
MCID3111299828,EE
MCID3111300144,CE
MCID3111300146,ME
MCID3111300184,ISE
MCID3111300192,ISE
MCID3111300202,ISE
MCID3111300206,ISE
MCID3111300219,ME
MCID3111300220,ISE
MCID3111300476,EE
MCID3111300495,ME
MCID3111300697,CE
MCID3111300706,ISE
MCID3111300707,CE
MCID3111300747,EE
MCID3111301023,ISE
MCID3111301384,CE
MCID3111301388,CE
MCID3111301395,ME
MCID3111301402,ISE
MCID3111301414,ME
MCID3111301425,CE
MCID3111301448,ISE
MCID3111301449,EE
MCID3111301980,CE
MCID3111301988,ME
MCID3111301990,ME
MCID3111302407,ME
MCID3111303027,CE
MCID3111303319,ME
MCID3111303329,EE
MCID3111303644,ISE
MCID3111303649,EE
MCID3111303650,ME
MCID3111303666,ME
MCID3111303685,ISE
MCID3111303700,CE
MCID3111303718,EE
MCID3111303745,ME
MCID3111303751,EE
MCID3111304182,ME
MCID3111304185,ISE
MCID3111304189,EE
MCID3111304193,ISE
MCID3111304200,ME
MCID3111304205,EE
MCID3111304526,ME
MCID3111304549,CE
MCID3111304551,CE
MCID3111304553,EE
MCID3111304557,EE
MCID3111304574,ME
MCID3111304576,CE
MCID3111304979,ISE
MCID3111305002,CE
MCID3111305018,EE
MCID3111305342,ME
MCID3111305349,ME
MCID3111305385,EE
MCID3111305662,CE
MCID3111305676,ISE
MCID3111306135,ME
MCID3111306149,ME
MCID3111306151,ME
MCID3111306159,ME
MCID3111306160,ME
MCID3111306186,CE
MCID3111306188,ISE
MCID3111306285,EE
MCID3111306286,ME
MCID3111306378,EE
MCID3111306385,ME
MCID3111306394,EE
MCID3111306553,ISE
MCID3111306726,ME
MCID3111306729,ME
MCID3111306731,EE
MCID3111306832,EE
MCID3111306945,CE
MCID3111307213,CE
MCID3111307248,CE
MCID3111307283,ME
MCID3111311076,ME
MCID3111311173,ME
MCID3111311209,CE
MCID3111311401,CE
MCID3111311615,CE
MCID3111311663,ME
MCID3111311674,CE
MCID3111311763,CE
MCID3111312389,CE
MCID3111312497,CE
MCID3111312564,ME
MCID3111312741,CE
MCID3111312806,ME
MCID3111312851,CE
MCID3111312852,CE
MCID3111312929,EE
MCID3111312939,CE
MCID3111312965,CE
MCID3111313075,EE
MCID3111313185,CE
MCID3111313200,CE
MCID3111313317,EE
MCID3111313391,CE
MCID3111313453,EE
MCID3111314074,ME
MCID3111314349,CE
MCID3111314372,EE
MCID3111314393,EE
MCID3111314411,CE
MCID3111314503,ME
MCID3111314963,EE
MCID3111314968,CE
MCID3111314994,ME
MCID3111315042,ME
MCID3111315137,CE
MCID3111315194,CE
MCID3111315236,EE
MCID3111315319,ME
MCID3111316101,ME
MCID3111316135,CE
MCID3111316270,ME
MCID3111316471,EE
MCID3111316678,CE
MCID3111316751,ME
MCID3111316775,EE
MCID3111316833,ME
MCID3111316936,ME
MCID3111316970,CE
MCID3111316980,CE
MCID3111317137,ME
MCID3111317198,ME
MCID3111317383,ME
MCID3111317431,EE
MCID3111317436,CE
MCID3111317471,ME
MCID3111317486,CE
MCID3111317496,ME
MCID3111317551,EE
MCID3111317568,EE
MCID3111317580,ME
MCID3111317641,CE
MCID3111318048,ME
MCID3111318094,ME
MCID3111318274,EE
MCID3111318305,ME
MCID3111318325,ME
MCID3111318415,ME
MCID3111318552,CE
MCID3111319844,ME
MCID3111322890,EE
MCID3111323104,CE
MCID3111326301,EE
MCID3111326604,ME
MCID3111330094,CE
MCID3111330223,CE
MCID3111330246,ME
MCID3111330280,ME
MCID3111330993,ME
MCID3111330998,EE
MCID3111335215,CE
MCID3111335269,CE
MCID3111335273,EE
MCID3111335316,ME
MCID3111335455,EE
MCID3111335558,ME
MCID3111335593,ME
MCID3111335599,ME
MCID3111335657,ME
MCID3111336361,EE
MCID3111337201,EE
MCID3111337221,CE
MCID3111337230,ME
MCID3111337237,EE
MCID3111338104,CE
MCID3111338128,ME
MCID3111339187,EE
MCID3111339188,EE
MCID3111339204,EE
MCID3111339206,EE
MCID3111339211,ME
MCID3111339226,EE
MCID3111339344,EE
MCID3111339499,CE
MCID3111339647,EE
MCID3111339752,ME
MCID3111340296,EE
MCID3111340417,ME
MCID3111340418,ME
MCID3111340467,ISE
MCID3111340551,CE
MCID3111340586,CE
MCID3111340621,ME
MCID3111340845,ME
MCID3111340913,ME
MCID3111343145,ME
MCID3111343981,EE
MCID3111345555,EE
MCID3111345582,EE
MCID3111345650,EE
MCID3111348650,ISE
MCID3111349195,CE
MCID3111349387,ISE
MCID3111350024,EE
MCID3111350243,CE
MCID3111350752,ME
MCID3111350811,EE
MCID3111351253,EE
MCID3111351254,EE
MCID3111351262,CE
MCID3111351552,ME
MCID3111351820,CE
MCID3111351835,ISE
MCID3111351899,EE
MCID3111352095,ME
MCID3111352393,CE
MCID3111352394,CE
MCID3111352403,EE
MCID3111353085,ME
MCID3111353112,CE
MCID3111353118,ISE
MCID3111353123,ME
MCID3111353366,ISE
MCID3111353963,ME
MCID3111353979,ME
MCID3111354004,CE
MCID3111354021,ISE
MCID3111354037,ISE
MCID3111354376,CE
MCID3111354383,ME
MCID3111354823,CE
MCID3111355361,ISE
MCID3111355390,CE
MCID3111355442,ISE
MCID3111355443,ME
MCID3111355797,ISE
MCID3111356129,ISE
MCID3111356130,CE
MCID3111356148,ME
MCID3111356330,CE
MCID3111356556,CE
MCID3111356562,ME
MCID3111356564,CE
MCID3111356585,CE
MCID3111357108,ISE
MCID3111357159,EE
MCID3111357310,ME
MCID3111357535,CE
MCID3111357881,CE
MCID3111357898,ISE
MCID3111358219,CE
MCID3111358238,ME
MCID3111358428,CE
MCID3111358440,EE
MCID3111358467,CE
MCID3111358759,CE
MCID3111358761,ISE
MCID3111358769,CE
MCID3111358778,CE
MCID3111358980,EE
MCID3111358996,CE
MCID3111359148,ME
MCID3111359320,ME
MCID3111359454,ME
MCID3111359545,ISE
MCID3111359599,CE
MCID3111359607,CE
MCID3111359657,EE
MCID3111359664,ISE
MCID3111359991,ISE
MCID3111363235,ME
MCID3111363723,ME
MCID3111363821,EE
MCID3111363838,ME
MCID3111363949,ME
MCID3111363994,ME
MCID3111364047,EE
MCID3111364090,EE
MCID3111364917,EE
MCID3111364931,EE
MCID3111364936,EE
MCID3111364980,ME
MCID3111364998,EE
MCID3111365098,ME
MCID3111365422,EE
MCID3111365497,ME
MCID3111365643,CE
MCID3111365751,CE
MCID3111365817,CE
MCID3111365846,CE
MCID3111366261,ME
MCID3111366306,EE
MCID3111366572,CE
MCID3111366730,ME
MCID3111366844,ME
MCID3111366878,ME
MCID3111366915,ME
MCID3111366960,EE
MCID3111367007,CE
MCID3111367026,ME
MCID3111367564,ME
MCID3111367885,ME
MCID3111367972,ME
MCID3111368107,EE
MCID3111368124,ME
MCID3111368254,EE
MCID3111368541,EE
MCID3111368593,CE
MCID3111368738,CE
MCID3111368744,ME
MCID3111368819,CE
MCID3111368987,EE
MCID3111369194,CE
MCID3111369270,CE
MCID3111369298,ME
MCID3111369338,EE
MCID3111369476,ME
MCID3111369539,ME
MCID3111369581,ME
MCID3111369969,CE
MCID3111370017,EE
MCID3111370095,CE
MCID3111370211,ME
MCID3111370337,ME
MCID3111370359,CE
MCID3111370479,EE
MCID3111370525,CE
MCID3111370762,ME
MCID3111370771,ME
MCID3111373859,EE
MCID3111374464,EE
MCID3111375359,CE
MCID3111375767,EE
MCID3111376222,CE
MCID3111378971,ME
MCID3111379024,CE
MCID3111379307,CE
MCID3111379523,CE
MCID3111379571,EE
MCID3111380306,ME
MCID3111380379,ME
MCID3111380407,CE
MCID3111383010,CE
MCID3111383101,EE
MCID3111383158,EE
MCID3111383891,ME
MCID3111384104,CE
MCID3111384931,ME
MCID3111388373,ME
MCID3111388450,EE
MCID3111388828,ME
MCID3111388850,ME
MCID3111388941,ISE
MCID3111389015,ME
MCID3111389050,CE
MCID3111389077,CE
MCID3111389683,EE
MCID3111390178,ME
MCID3111390332,ISE
MCID3111390405,EE
MCID3111390451,CE
MCID3111390526,EE
MCID3111392553,EE
MCID3111392725,ME
MCID3111392769,ME
MCID3111393040,CE
MCID3111393318,CE
MCID3111393401,CE
MCID3111393713,EE
MCID3111393760,CE
MCID3111393781,EE
MCID3111393866,ISE
MCID3111394060,EE
MCID3111394108,CE
MCID3111394158,EE
MCID3111394253,CE
MCID3111394438,CE
MCID3111394466,ME
MCID3111395896,EE
MCID3111397812,ISE
MCID3111398961,EE
MCID3111398968,ME
MCID3111401640,CE
MCID3111401781,EE
MCID3111402015,CE
MCID3111402632,CE
MCID3111402635,ME
MCID3111402639,CE
MCID3111402648,EE
MCID3111403435,ISE
MCID3111403439,ME
MCID3111403462,ME
MCID3111403463,CE
MCID3111403870,ISE
MCID3111403884,EE
MCID3111403897,ME
MCID3111403906,CE
MCID3111403935,CE
MCID3111404154,CE
MCID3111404397,EE
MCID3111404427,ME
MCID3111404987,ISE
MCID3111405655,ISE
MCID3111405661,CE
MCID3111405668,ME
MCID3111405697,ME
MCID3111405732,CE
MCID3111406371,EE
MCID3111406405,ME
MCID3111406464,EE
MCID3111406697,ME
MCID3111406948,EE
MCID3111406974,CE
MCID3111407682,CE
MCID3111407715,EE
MCID3111408243,CE
MCID3111408274,EE
MCID3111408283,CE
MCID3111408701,ISE
MCID3111408714,CE
MCID3111408730,ME
MCID3111408838,ME
MCID3111408846,ISE
MCID3111409395,EE
MCID3111409459,CE
MCID3111409464,EE
MCID3111410084,ME
MCID3111410102,ISE
MCID3111410108,CE
MCID3111410680,CE
MCID3111411106,CE
MCID3111411139,EE
MCID3111411685,CE
MCID3111411867,ME
MCID3111411887,ME
MCID3111411910,ISE
MCID3111411914,CE
MCID3111412391,ME
MCID3111412392,CE
MCID3111412394,CE
MCID3111412708,EE
MCID3111412720,ISE
MCID3111412721,ME
MCID3111412728,CE
MCID3111412744,CE
MCID3111412976,EE
MCID3111413353,EE
MCID3111413359,CE
MCID3111413510,EE
MCID3111413515,ME
MCID3111413559,CE
MCID3111413604,ME
MCID3111413687,CE
MCID3111413690,EE
MCID3111413770,EE
MCID3111413971,ME
MCID3111413978,EE
MCID3111414068,EE
MCID3111417276,EE
MCID3111417892,ME
MCID3111418143,CE
MCID3111418319,CE
MCID3111418401,ME
MCID3111418505,ME
MCID3111419166,EE
MCID3111419215,ME
MCID3111419231,ME
MCID3111419341,ME
MCID3111419518,EE
MCID3111419569,CE
MCID3111419633,CE
MCID3111419683,ME
MCID3111419718,ME
MCID3111419727,CE
MCID3111419837,CE
MCID3111419936,CE
MCID3111419991,ME
MCID3111420066,ME
MCID3111420205,ME
MCID3111420423,EE
MCID3111421110,EE
MCID3111421313,CE
MCID3111421337,EE
MCID3111421359,CE
MCID3111421499,ME
MCID3111421661,CE
MCID3111421711,CE
MCID3111421783,EE
MCID3111421801,ME
MCID3111421908,ME
MCID3111422790,ME
MCID3111423179,EE
MCID3111423302,EE
MCID3111423390,CE
MCID3111423472,CE
MCID3111423649,ME
MCID3111423650,EE
MCID3111423695,CE
MCID3111423725,EE
MCID3111423738,ME
MCID3111424158,CE
MCID3111424191,CE
MCID3111424248,EE
MCID3111424272,CE
MCID3111424332,ME
MCID3111424617,ME
MCID3111424770,ME
MCID3111424966,CE
MCID3111425022,ME
MCID3111425150,ME
MCID3111425526,CE
MCID3111425744,EE
MCID3111430019,CE
MCID3111430065,ME
MCID3111430162,EE
MCID3111430352,EE
MCID3111430764,CE
MCID3111432781,CE
MCID3111433198,ME
MCID3111437055,CE
MCID3111437420,ME
MCID3111437533,EE
MCID3111437663,ME
MCID3111437763,ME
MCID3111437796,CE
MCID3111439209,ME
MCID3111443155,ME
MCID3111443238,CE
MCID3111443377,ME
MCID3111443384,EE
MCID3111443541,EE
MCID3111444503,ISE
MCID3111447687,CE
MCID3111447696,CE
MCID3111447727,EE
MCID3111447732,CE
MCID3111447746,EE
MCID3111447749,EE
MCID3111447764,ME
MCID3111447770,CE
MCID3111447779,CE
MCID3111447797,ISE
MCID3111447943,ISE
MCID3111448159,CE
MCID3111448272,CE
MCID3111448381,CE
MCID3111448478,ME
MCID3111448601,EE
MCID3111448672,ME
MCID3111448862,CE
MCID3111448944,ME
MCID3111449066,ISE
MCID3111449135,ME
MCID3111449138,ME
MCID3111449180,ISE
MCID3111449270,EE
MCID3111449317,EE
MCID3111449318,ME
MCID3111449427,ISE
MCID3111449482,ISE
MCID3111449680,CE
MCID3111451920,EE
MCID3111452953,ISE
MCID3111453039,ISE
MCID3111453861,ME
MCID3111454125,ISE
MCID3111454222,CE
MCID3111456398,EE
MCID3111456443,CE
MCID3111456528,ISE
MCID3111457119,ISE
MCID3111457701,ME
MCID3111457950,ME
MCID3111457952,CE
MCID3111458331,ISE
MCID3111458346,ISE
MCID3111458353,ISE
MCID3111458588,CE
MCID3111458787,CE
MCID3111458790,CE
MCID3111458807,ME
MCID3111459845,CE
MCID3111459875,CE
MCID3111459878,CE
MCID3111459880,CE
MCID3111459895,CE
MCID3111459903,EE
MCID3111459925,ME
MCID3111459931,ME
MCID3111459934,ME
MCID3111460128,ISE
MCID3111460163,EE
MCID3111460176,ME
MCID3111460368,CE
MCID3111460378,CE
MCID3111460386,ME
MCID3111460387,ME
MCID3111461451,ME
MCID3111461464,ISE
MCID3111461835,EE
MCID3111461887,EE
MCID3111462363,ISE
MCID3111462405,ME
MCID3111463101,CE
MCID3111463134,ME
MCID3111463148,CE
MCID3111463185,ME
MCID3111463188,ME
MCID3111463619,EE
MCID3111463644,CE
MCID3111464163,ME
MCID3111464170,CE
MCID3111464642,ME
MCID3111464648,EE
MCID3111464703,CE
MCID3111464744,CE
MCID3111464773,ME
MCID3111464802,ME
MCID3111465036,ISE
MCID3111465373,ME
MCID3111465404,CE
MCID3111465827,EE
MCID3111465839,CE
MCID3111465841,CE
MCID3111465860,EE
MCID3111466322,CE
MCID3111466706,EE
MCID3111466710,EE
MCID3111466733,ME
MCID3111466744,EE
MCID3111466891,CE
MCID3111467093,ME
MCID3111467403,EE
MCID3111467408,ME
MCID3111467414,CE
MCID3111467909,EE
MCID3111467940,EE
MCID3111467951,ME
MCID3111467959,ISE
MCID3111467993,ME
MCID3111468569,ME
MCID3111468570,EE
MCID3111468592,CE
MCID3111469107,CE
MCID3111472627,CE
MCID3111473382,CE
MCID3111473423,CE
MCID3111473448,CE
MCID3111473516,ME
MCID3111473526,CE
MCID3111473961,CE
MCID3111474635,ME
MCID3111474662,CE
MCID3111474683,ME
MCID3111474690,ME
MCID3111474821,ME
MCID3111474854,CE
MCID3111474993,CE
MCID3111475053,CE
MCID3111475317,CE
MCID3111475354,EE
MCID3111475434,ME
MCID3111475473,ME
MCID3111475506,CE
MCID3111475738,CE
MCID3111475817,CE
MCID3111475828,EE
MCID3111475844,EE
MCID3111475862,EE
MCID3111476496,CE
MCID3111476615,ME
MCID3111476967,ME
MCID3111477096,ME
MCID3111477188,CE
MCID3111477227,ME
MCID3111477902,ME
MCID3111477965,ME
MCID3111478310,ME
MCID3111478487,CE
MCID3111478608,ME
MCID3111478619,ME
MCID3111478697,ME
MCID3111478822,EE
MCID3111478993,CE
MCID3111479024,CE
MCID3111479075,ME
MCID3111479315,ME
MCID3111479491,CE
MCID3111479512,CE
MCID3111479514,CE
MCID3111479618,EE
MCID3111479624,ME
MCID3111479650,ME
MCID3111479655,ME
MCID3111479708,ME
MCID3111479825,ME
MCID3111479833,ME
MCID3111480321,EE
MCID3111480355,CE
MCID3111480361,EE
MCID3111484411,CE
MCID3111485105,ME
MCID3111486309,EE
MCID3111486661,CE
MCID3111487039,ME
MCID3111487121,ME
MCID3111489820,CE
MCID3111490108,ME
MCID3111490114,CE
MCID3111490418,ISE
MCID3111491224,ISE
MCID3111491331,ME
MCID3111493914,CE
MCID3111493950,EE
MCID3111494598,ME
MCID3111495298,EE
MCID3111500534,ME
MCID3111501076,ISE
MCID3111503871,CE
MCID3111503875,EE
MCID3111503953,ME
MCID3111503955,EE
MCID3111503957,EE
MCID3111503987,EE
MCID3111504440,EE
MCID3111504730,ME
MCID3111504952,ISE
MCID3111507068,ME
MCID3111507509,ISE
MCID3111507650,EE
MCID3111507655,CE
MCID3111507752,ME
MCID3111507784,CE
MCID3111507903,CE
MCID3111508098,ME
MCID3111508105,ME
MCID3111508623,ME
MCID3111508629,EE
MCID3111508703,EE
MCID3111508736,EE
MCID3111509048,CE
MCID3111509220,ISE
MCID3111509352,EE
MCID3111510803,EE
MCID3111513572,EE
MCID3111513582,EE
MCID3111513591,ISE
MCID3111513592,EE
MCID3111513661,EE
MCID3111513672,CE
MCID3111516918,ME
MCID3111517238,EE
MCID3111517681,ME
MCID3111518115,CE
MCID3111518127,ME
MCID3111518630,ISE
MCID3111518675,ISE
MCID3111518711,ISE
MCID3111519219,EE
MCID3111519476,CE
MCID3111519517,CE
MCID3111519782,ME
MCID3111519794,CE
MCID3111519816,EE
MCID3111519865,ME
MCID3111520495,EE
MCID3111520549,EE
MCID3111521119,ME
MCID3111521142,ME
MCID3111521166,ME
MCID3111521418,CE
MCID3111521757,ME
MCID3111521758,CE
MCID3111521766,CE
MCID3111521771,CE
MCID3111522591,ME
MCID3111522604,CE
MCID3111522637,ME
MCID3111522679,ME
MCID3111522695,CE
MCID3111522698,ISE
MCID3111522885,ISE
MCID3111523500,CE
MCID3111523764,ISE
MCID3111523780,ME
MCID3111523805,CE
MCID3111524763,ISE
MCID3111524779,ME
MCID3111524780,CE
MCID3111524785,CE
MCID3111524804,EE
MCID3111524822,ISE
MCID3111524887,ME
MCID3111524906,EE
MCID3111525104,ISE
MCID3111525294,CE
MCID3111525318,CE
MCID3111525363,ISE
MCID3111525525,ISE
MCID3111525579,CE
MCID3111525796,ME
MCID3111525807,ISE
MCID3111525823,ME
MCID3111525833,EE
MCID3111525839,EE
MCID3111525864,ME
MCID3111526034,CE
MCID3111526270,ME
MCID3111526317,ME
MCID3111526723,EE
MCID3111526725,EE
MCID3111526851,EE
MCID3111526859,EE
MCID3111526870,ISE
MCID3111526873,ME
MCID3111527015,CE
MCID3111527452,CE
MCID3111527673,CE
MCID3111527892,CE
MCID3111527941,EE
MCID3111528032,ISE
MCID3111528048,ISE
MCID3111528187,CE
MCID3111528847,ME
MCID3111528864,ISE
MCID3111529321,ME
MCID3111532746,CE
MCID3111532938,CE
MCID3111533065,CE
MCID3111533209,EE
MCID3111533331,EE
MCID3111533351,ME
MCID3111533474,CE
MCID3111533479,ME
MCID3111533712,EE
MCID3111533936,CE
MCID3111534127,ME
MCID3111534273,ME
MCID3111534336,EE
MCID3111534345,CE
MCID3111534450,CE
MCID3111534630,CE
MCID3111534759,CE
MCID3111534763,CE
MCID3111534797,EE
MCID3111534826,EE
MCID3111534984,ME
MCID3111535176,ME
MCID3111535245,EE
MCID3111535370,EE
MCID3111535616,ME
MCID3111535778,ME
MCID3111535788,CE
MCID3111536109,CE
MCID3111536400,EE
MCID3111536435,ME
MCID3111536453,EE
MCID3111536521,CE
MCID3111537366,CE
MCID3111537378,CE
MCID3111537448,CE
MCID3111537665,EE
MCID3111537678,ME
MCID3111538033,CE
MCID3111538148,EE
MCID3111538190,EE
MCID3111538277,CE
MCID3111538446,CE
MCID3111538463,EE
MCID3111538578,ME
MCID3111538644,ME
MCID3111538759,EE
MCID3111538868,ME
MCID3111538876,EE
MCID3111539078,EE
MCID3111539185,CE
MCID3111539187,ME
MCID3111539193,ME
MCID3111539490,CE
MCID3111539692,CE
MCID3111539742,ME
MCID3111539813,ME
MCID3111539850,ME
MCID3111539921,ME
MCID3111539957,CE
MCID3111539958,ME
MCID3111540237,ME
MCID3111540372,CE
MCID3111540524,CE
MCID3111540528,EE
MCID3111540535,EE
MCID3111540674,EE
MCID3111540731,ME
MCID3111540747,ME
MCID3111541399,ME
MCID3111545270,ME
MCID3111547287,EE
MCID3111547305,ME
MCID3111547740,ME
MCID3111550778,CE
MCID3111551598,EE
MCID3111551599,EE
MCID3111551858,CE
MCID3111552880,ME
MCID3111555407,CE
MCID3111555843,EE
MCID3111555982,ME
MCID3111556095,CE
MCID3111556179,CE
MCID3111556187,CE
MCID3111556211,CE
MCID3111556466,EE
MCID3111556977,ME
MCID3111562085,EE
MCID3111562196,EE
MCID3111562218,EE
MCID3111562272,EE
MCID3111562278,CE
MCID3111562354,EE
MCID3111562369,ISE
MCID3111565531,EE
MCID3111566362,CE
MCID3111566532,ME
MCID3111567602,CE
MCID3111568612,ME
MCID3111568837,ME
MCID3111568921,ME
MCID3111568947,CE
MCID3111569106,CE
MCID3111569508,ME
MCID3111569639,CE
MCID3111569642,EE
MCID3111569744,ISE
MCID3111569960,EE
MCID3111570325,EE
MCID3111570422,EE
MCID3111570645,EE
MCID3111570674,EE
MCID3111570977,EE
MCID3111571032,ISE
MCID3111572425,ME
MCID3111573275,EE
MCID3111573571,EE
MCID3111573572,ME
MCID3111573728,ISE
MCID3111573888,EE
MCID3111573915,ISE
MCID3111574142,ISE
MCID3111574671,CE
MCID3111574869,CE
MCID3111575172,EE
MCID3111575181,CE
MCID3111575199,CE
MCID3111575205,EE
MCID3111575232,ME
MCID3111575290,ME
MCID3111575325,EE
MCID3111575364,ISE
MCID3111577999,CE
MCID3111578467,CE
MCID3111579002,CE
MCID3111579005,CE
MCID3111579021,EE
MCID3111579030,ME
MCID3111579426,ME
MCID3111579429,ME
MCID3111579819,CE
MCID3111579849,EE
MCID3111579903,ME
MCID3111580300,ME
MCID3111580345,CE
MCID3111580360,ISE
MCID3111580996,ME
MCID3111581414,ME
MCID3111581433,ME
MCID3111581439,ME
MCID3111581450,ME
MCID3111581451,ME
MCID3111581452,EE
MCID3111581469,CE
MCID3111581722,ME
MCID3111582031,ME
MCID3111582063,ME
MCID3111582364,ISE
MCID3111582638,ME
MCID3111582641,EE
MCID3111582670,CE
MCID3111582700,ISE
MCID3111582712,CE
MCID3111582737,CE
MCID3111582754,ME
MCID3111583410,ISE
MCID3111583437,ME
MCID3111583890,CE
MCID3111584196,CE
MCID3111584218,ME
MCID3111584244,CE
MCID3111584246,CE
MCID3111584264,ISE
MCID3111584265,CE
MCID3111584304,CE
MCID3111584312,CE
MCID3111584347,ME
MCID3111584908,CE
MCID3111585526,EE
MCID3111585530,CE
MCID3111585531,ME
MCID3111586020,CE
MCID3111586385,ME
MCID3111586397,CE
MCID3111586445,ME
MCID3111586492,CE
MCID3111586732,CE
MCID3111586750,ME
MCID3111586970,CE
MCID3111586980,EE
MCID3111587032,EE
MCID3111587279,ISE
MCID3111587569,CE
MCID3111587635,EE
MCID3111587645,ME
MCID3111587682,CE
MCID3111587862,ISE
MCID3111588165,ISE
MCID3111588176,ME
MCID3111588375,ISE
MCID3111588615,ISE
MCID3111588632,EE
MCID3111588637,ISE
MCID3111588697,ISE
MCID3111588850,CE
MCID3111589085,CE
MCID3111589101,ISE
MCID3111589116,CE
MCID3111589124,ME
MCID3111589400,CE
MCID3111589413,ME
MCID3111589440,EE
MCID3111589850,CE
MCID3111589874,ME
MCID3111590086,ME
MCID3111590100,ME
MCID3111590328,ISE
MCID3111590513,EE
MCID3111590520,EE
MCID3111590597,CE
MCID3111590600,ME
MCID3111590689,CE
MCID3111590693,ME
MCID3111590972,CE
MCID3111591175,ME
MCID3111591202,ME
MCID3111594607,ME
MCID3111595231,CE
MCID3111595272,ME
MCID3111595472,EE
MCID3111596385,CE
MCID3111596407,CE
MCID3111596438,ME
MCID3111596705,CE
MCID3111596774,ME
MCID3111596846,EE
MCID3111596932,EE
MCID3111596995,ME
MCID3111597047,ME
MCID3111597373,CE
MCID3111597390,ME
MCID3111597475,ME
MCID3111597618,ME
MCID3111597871,EE
MCID3111597875,ME
MCID3111597941,EE
MCID3111597995,ME
MCID3111598868,ME
MCID3111599180,EE
MCID3111599459,ME
MCID3111599468,ME
MCID3111599624,CE
MCID3111599867,ME
MCID3111599875,ME
MCID3111600141,CE
MCID3111600300,CE
MCID3111600383,CE
MCID3111600507,ME
MCID3111600576,CE
MCID3111600682,ME
MCID3111600700,EE
MCID3111600715,ME
MCID3111600999,ME
MCID3111601164,ME
MCID3111601172,CE
MCID3111601366,ME
MCID3111601454,CE
MCID3111601506,EE
MCID3111601665,ME
MCID3111601813,ME
MCID3111601901,CE
MCID3111601950,EE
MCID3111602042,ME
MCID3111602048,ME
MCID3111602241,ME
MCID3111602405,ME
MCID3111602472,ME
MCID3111602478,ME
MCID3111602565,ME
MCID3111602752,ME
MCID3111607779,CE
MCID3111607841,CE
MCID3111609477,ME
MCID3111609910,CE
MCID3111612928,ME
MCID3111614065,EE
MCID3111614103,EE
MCID3111614107,EE
MCID3111614432,EE
MCID3111615492,ME
MCID3111617857,ME
MCID3111617879,ME
MCID3111617880,ME
MCID3111617941,ME
MCID3111618322,ME
MCID3111618403,CE
MCID3111618514,CE
MCID3111618603,CE
MCID3111618821,ME
MCID3111618885,ME
MCID3111619022,ME
MCID3111619172,CE
MCID3111624585,CE
MCID3111624675,CE
MCID3111625112,ME
MCID3111625118,ME
MCID3111625120,ME
MCID3111630305,EE
MCID3111630785,EE
MCID3111631307,ME
MCID3111632643,EE
MCID3111632732,ME
MCID3111633733,ME
MCID3111633775,EE
MCID3111634284,CE
MCID3111634477,CE
MCID3111634682,ME
MCID3111634983,ME
MCID3111635789,EE
MCID3111635828,EE
MCID3111635830,EE
MCID3111636205,EE
MCID3111636318,ISE
MCID3111636634,EE
MCID3111639044,EE
MCID3111640129,CE
MCID3111640153,ISE
MCID3111640999,ME
MCID3111641315,EE
MCID3111641354,ME
MCID3111641393,ME
MCID3111641414,EE
MCID3111644510,EE
MCID3111645014,EE
MCID3111645656,ME
MCID3111645666,EE
MCID3111645805,ISE
MCID3111646461,CE
MCID3111646467,ME
MCID3111646469,ME
MCID3111647012,CE
MCID3111647032,EE
MCID3111647228,ME
MCID3111647480,ME
MCID3111647493,CE
MCID3111647762,ME
MCID3111648063,ISE
MCID3111648080,ME
MCID3111648406,CE
MCID3111648787,EE
MCID3111648814,EE
MCID3111648816,EE
MCID3111648827,CE
MCID3111648829,ME
MCID3111649141,CE
MCID3111649410,EE
MCID3111649481,EE
MCID3111649494,ME
MCID3111649496,CE
MCID3111649810,ME
MCID3111650199,EE
MCID3111650882,EE
MCID3111650883,CE
MCID3111650895,ISE
MCID3111650897,ME
MCID3111650912,ISE
MCID3111650944,ME
MCID3111650991,ISE
MCID3111651271,ME
MCID3111651276,ME
MCID3111651573,CE
MCID3111651576,ISE
MCID3111651604,ISE
MCID3111651949,CE
MCID3111651997,ISE
MCID3111652298,ME
MCID3111652311,CE
MCID3111652312,CE
MCID3111652360,ME
MCID3111652370,ME
MCID3111652376,ME
MCID3111652387,ISE
MCID3111652659,ISE
MCID3111652940,CE
MCID3111652977,EE
MCID3111652990,EE
MCID3111652992,EE
MCID3111653654,ME
MCID3111653692,EE
MCID3111653704,EE
MCID3111653721,ME
MCID3111654028,ISE
MCID3111654297,ME
MCID3111654319,ME
MCID3111654342,ME
MCID3111654363,CE
MCID3111654385,ISE
MCID3111654393,ME
MCID3111654879,EE
MCID3111654884,CE
MCID3111654896,CE
MCID3111654901,ISE
MCID3111654916,EE
MCID3111654925,ME
MCID3111654939,ISE
MCID3111654949,ME
MCID3111655291,CE
MCID3111655298,EE
MCID3111655300,CE
MCID3111655301,ISE
MCID3111655327,ISE
MCID3111655336,EE
MCID3111655526,CE
MCID3111655809,CE
MCID3111655811,ISE
MCID3111655831,ME
MCID3111655886,EE
MCID3111656191,EE
MCID3111656207,CE
MCID3111656217,ME
MCID3111656354,ISE
MCID3111656525,ME
MCID3111656556,EE
MCID3111656714,ME
MCID3111656883,ISE
MCID3111656895,CE
MCID3111656896,EE
MCID3111656912,ME
MCID3111657100,CE
MCID3111657109,ISE
MCID3111657515,ME
MCID3111657670,EE
MCID3111657814,EE
MCID3111657818,EE
MCID3111658049,CE
MCID3111661306,ME
MCID3111661424,ME
MCID3111661965,ME
MCID3111661972,EE
MCID3111662194,EE
MCID3111662279,EE
MCID3111662446,ME
MCID3111663240,ME
MCID3111663677,CE
MCID3111663685,ME
MCID3111663725,CE
MCID3111664064,ME
MCID3111664195,EE
MCID3111664320,CE
MCID3111664540,EE
MCID3111664973,CE
MCID3111665269,CE
MCID3111665312,EE
MCID3111665375,ME
MCID3111665378,ME
MCID3111665430,ME
MCID3111665472,ME
MCID3111665488,ME
MCID3111665507,ME
MCID3111665581,CE
MCID3111665686,ME
MCID3111665714,ME
MCID3111666165,CE
MCID3111666239,ME
MCID3111666263,EE
MCID3111666370,CE
MCID3111666611,CE
MCID3111666707,ME
MCID3111666871,CE
MCID3111666992,CE
MCID3111667004,CE
MCID3111667125,CE
MCID3111667126,CE
MCID3111667176,ME
MCID3111667214,CE
MCID3111667440,EE
MCID3111667907,ME
MCID3111668248,CE
MCID3111668311,ME
MCID3111668647,CE
MCID3111668649,EE
MCID3111668786,ME
MCID3111668789,CE
MCID3111668795,CE
MCID3111668886,EE
MCID3111669045,ME
MCID3111669191,ME
MCID3111669338,CE
MCID3111669354,EE
MCID3111669524,ME
MCID3111669617,EE
MCID3111669627,ME
MCID3111669654,ME
MCID3111669656,ME
MCID3111669692,ME
MCID3111669700,ME
MCID3111670641,ME
MCID3111670856,CE
MCID3111670988,ME
MCID3111677257,CE
MCID3111677270,CE
MCID3111677437,ME
MCID3111677438,ME
MCID3111677686,CE
MCID3111680897,CE
MCID3111682021,CE
MCID3111682735,ME
MCID3111683026,EE
MCID3111683511,ISE
MCID3111684291,CE
MCID3111684457,EE
MCID3111686182,CE
MCID3111686502,ME
MCID3111686681,ME
MCID3111686711,CE
MCID3111687089,CE
MCID3111697452,CE
MCID3111700983,ME
MCID3111701868,ME
MCID3111701995,ME
MCID3111702654,EE
MCID3111702739,EE
MCID3111702866,ISE
MCID3111702916,EE
MCID3111703113,ISE
MCID3111703132,ISE
MCID3111703174,EE
MCID3111703537,ISE
MCID3111705311,ME
MCID3111705377,EE
MCID3111705378,ME
MCID3111706869,ISE
MCID3111708097,ME
MCID3111708253,ME
MCID3111708614,ME
MCID3111708892,EE
MCID3111712105,EE
MCID3111712214,CE
MCID3111712469,CE
MCID3111712554,CE
MCID3111713103,ME
MCID3111713129,EE
MCID3111713444,EE
MCID3111713478,ME
MCID3111713856,CE
MCID3111713860,CE
MCID3111713897,EE
MCID3111713902,ME
MCID3111713915,CE
MCID3111714581,EE
MCID3111714918,ME
MCID3111715534,CE
MCID3111716196,ISE
MCID3111716201,ISE
MCID3111716222,ME
MCID3111716794,EE
MCID3111716811,ME
MCID3111716838,EE
MCID3111716847,EE
MCID3111716865,ISE
MCID3111717163,ISE
MCID3111717459,EE
MCID3111717491,CE
MCID3111717503,EE
MCID3111717524,CE
MCID3111717550,EE
MCID3111717564,ME
MCID3111717571,EE
MCID3111717572,CE
MCID3111717901,ISE
MCID3111717960,ISE
MCID3111718268,ME
MCID3111718328,ME
MCID3111718375,EE
MCID3111719069,CE
MCID3111719073,ISE
MCID3111719436,ISE
MCID3111719805,ME
MCID3111719825,ISE
MCID3111719848,ME
MCID3111719857,ME
MCID3111720485,ME
MCID3111720525,EE
MCID3111720810,ISE
MCID3111721192,CE
MCID3111721195,CE
MCID3111721210,ME
MCID3111721211,EE
MCID3111721231,ME
MCID3111721239,EE
MCID3111721241,CE
MCID3111721296,ISE
MCID3111721883,ISE
MCID3111721900,EE
MCID3111721932,ME
MCID3111722449,ME
MCID3111722455,ISE
MCID3111722690,EE
MCID3111722972,ISE
MCID3111723303,ME
MCID3111723311,EE
MCID3111723337,ME
MCID3111723757,ISE
MCID3111723900,ISE
MCID3111724438,ME
MCID3111724546,CE
MCID3111724811,ME
MCID3111725712,ME
MCID3111725725,EE
MCID3111729044,ME
MCID3111729722,EE
MCID3111729894,CE
MCID3111730633,EE
MCID3111730954,ME
MCID3111730997,EE
MCID3111731390,EE
MCID3111731567,EE
MCID3111732029,ME
MCID3111732949,EE
MCID3111733022,ME
MCID3111733309,ME
MCID3111733320,CE
MCID3111733376,ME
MCID3111733390,ME
MCID3111733594,CE
MCID3111733866,ME
MCID3111734340,CE
MCID3111734346,ME
MCID3111734375,EE
MCID3111734493,CE
MCID3111734658,CE
MCID3111734662,EE
MCID3111734689,ME
MCID3111734713,ME
MCID3111734810,EE
MCID3111735009,EE
MCID3111735227,CE
MCID3111735358,EE
MCID3111735539,ME
MCID3111735786,CE
MCID3111735793,ME
MCID3111735925,ME
MCID3111735970,EE
MCID3111735992,EE
MCID3111736131,ME
MCID3111736132,ME
MCID3111736163,ME
MCID3111736186,CE
MCID3111736193,CE
MCID3111736262,CE
MCID3111736326,ME
MCID3111736440,ME
MCID3111736453,ME
MCID3111736481,ME
MCID3111736754,ME
MCID3111736824,ME
MCID3111736914,CE
MCID3111737124,ME
MCID3111737207,CE
MCID3111737281,ME
MCID3111737325,ME
MCID3111742776,CE
MCID3111743068,ME
MCID3111743173,CE
MCID3111743308,ME
MCID3111743362,ME
MCID3111743399,ME
MCID3111743603,EE
MCID3111745710,ME
MCID3111745859,ME
MCID3111746219,EE
MCID3111746278,ME
MCID3111749169,ME
MCID3111750039,ME
MCID3111750107,ISE
MCID3111750975,EE
MCID3111751006,EE
MCID3111751172,EE
MCID3111751268,EE
MCID3111752590,CE
MCID3111754214,CE
MCID3111754618,ME
MCID3111755133,ME
MCID3111755201,CE
MCID3111755229,ME
MCID3111755399,ME
MCID3111755400,ME
MCID3111761441,CE
MCID3111761480,CE
MCID3111761512,CE
MCID3111761653,ME
MCID3111761660,ISE
MCID3111765550,EE
MCID3111765552,EE
MCID3111766676,EE
MCID3111766819,ME
MCID3111766820,EE
MCID3111766836,EE
MCID3111768171,ISE
MCID3111769225,ISE
MCID3111769246,ME
MCID3111769271,CE
MCID3111769322,ME
MCID3111769789,ISE
MCID3111769904,ME
MCID3111769957,EE
MCID3111770434,CE
MCID3111770822,EE
MCID3111771277,ISE
MCID3111771449,EE
MCID3111771628,EE
MCID3111771635,ISE
MCID3111771700,EE
MCID3111771973,EE
MCID3111772094,ME
MCID3111774923,ISE
MCID3111775644,ISE
MCID3111776652,ISE
MCID3111776760,ME
MCID3111777112,CE
MCID3111777153,ISE
MCID3111777390,EE
MCID3111780951,CE
MCID3111781862,ME
MCID3111782031,ISE
MCID3111782398,ISE
MCID3111782422,ME
MCID3111782444,EE
MCID3111782448,ME
MCID3111782849,ME
MCID3111782854,CE
MCID3111782943,ME
MCID3111783416,ME
MCID3111783451,ME
MCID3111783759,ME
MCID3111784043,ME
MCID3111784076,CE
MCID3111784097,ME
MCID3111784283,CE
MCID3111784558,EE
MCID3111784587,ME
MCID3111785242,EE
MCID3111785251,ME
MCID3111785265,EE
MCID3111785642,ISE
MCID3111786059,EE
MCID3111786067,ME
MCID3111786082,ME
MCID3111786401,ISE
MCID3111786762,ISE
MCID3111786826,ME
MCID3111786849,ISE
MCID3111787383,ME
MCID3111787430,EE
MCID3111787460,CE
MCID3111787756,CE
MCID3111787805,ISE
MCID3111788206,ME
MCID3111788234,ME
MCID3111788921,CE
MCID3111788954,CE
MCID3111788956,EE
MCID3111789256,ISE
MCID3111789279,ME
MCID3111789573,ME
MCID3111789872,CE
MCID3111790232,CE
MCID3111790258,ISE
MCID3111790259,EE
MCID3111790833,CE
MCID3111790839,ME
MCID3111791050,ME
MCID3111791312,CE
MCID3111791319,ME
MCID3111791324,EE
MCID3111791327,ME
MCID3111791348,CE
MCID3111791351,EE
MCID3111791555,CE
MCID3111791782,EE
MCID3111791789,EE
MCID3111791806,ME
MCID3111791812,CE
MCID3111792628,ISE
MCID3111792864,CE
MCID3111792893,ME
MCID3111793148,ME
MCID3111793177,CE
MCID3111793181,EE
MCID3111793439,ME
MCID3111793441,ME
MCID3111793632,ME
MCID3111793975,ME
MCID3111794100,ME
MCID3111794168,EE
MCID3111797522,ME
MCID3111798087,ME
MCID3111798141,ME
MCID3111799051,CE
MCID3111799365,ME
MCID3111799391,EE
MCID3111799517,CE
MCID3111799609,EE
MCID3111799959,EE
MCID3111800109,CE
MCID3111800220,EE
MCID3111800222,EE
MCID3111800513,ME
MCID3111800607,ME
MCID3111800821,CE
MCID3111800831,ME
MCID3111800913,ME
MCID3111801123,CE
MCID3111801307,ME
MCID3111801444,EE
MCID3111801782,CE
MCID3111802224,CE
MCID3111802268,CE
MCID3111802289,CE
MCID3111802387,ME
MCID3111802397,ME
MCID3111802537,ME
MCID3111802613,EE
MCID3111802741,CE
MCID3111802750,EE
MCID3111802847,ME
MCID3111802985,EE
MCID3111803163,ME
MCID3111803168,ME
MCID3111803296,EE
MCID3111803335,ME
MCID3111803449,ME
MCID3111803470,EE
MCID3111803864,ME
MCID3111803907,EE
MCID3111804046,EE
MCID3111804230,CE
MCID3111804278,ME
MCID3111804331,ME
MCID3111804448,ME
MCID3111804477,EE
MCID3111805044,EE
MCID3111805106,EE
MCID3111805168,ME
MCID3111805179,CE
MCID3111805232,ME
MCID3111805249,EE
MCID3111805266,ME
MCID3111805304,CE
MCID3111805381,ME
MCID3111805540,EE
MCID3111805619,EE
MCID3111805624,ME
MCID3111806030,EE
MCID3111806170,ME
MCID3111806322,EE
MCID3111807019,CE
MCID3111812194,ME
MCID3111812982,EE
MCID3111814768,ME
MCID3111815183,ME
MCID3111815798,CE
MCID3111815800,ME
MCID3111818528,CE
MCID3111818896,ME
MCID3111819487,EE
MCID3111819618,CE
MCID3111819826,EE
MCID3111820631,ISE
MCID3111822238,ISE
MCID3111823659,ME
MCID3111823719,CE
MCID3111824013,ME
MCID3111824044,EE
MCID3111824055,CE
MCID3111824236,CE
MCID3111824334,EE
MCID3111824791,CE
MCID3111831531,CE
MCID3111832009,ME
MCID3111832012,ME
MCID3111832042,ME
MCID3111837443,CE
MCID3111837965,EE
MCID3111841262,EE
MCID3111841291,ME
MCID3111841311,EE
MCID3111841319,CE
MCID3111841355,ME
MCID3111841402,EE
MCID3111842275,EE
MCID3111842350,ME
MCID3111842461,ME
MCID3111842493,EE
MCID3111842661,EE
MCID3111842954,EE
MCID3111843065,EE
MCID3111844508,ISE
MCID3111844815,ME
MCID3111848441,ME
MCID3111849960,ISE
MCID3111849972,CE
MCID3111850121,ISE
MCID3111852835,CE
MCID3111853032,ISE
MCID3111854667,CE
MCID3111855010,ME
MCID3111855253,CE
MCID3111855327,CE
MCID3111856757,CE
MCID3111857475,ISE
MCID3111857532,ME
MCID3111857564,ME
MCID3111858210,ISE
MCID3111858236,CE
MCID3111859681,ME
MCID3111859991,CE
MCID3111860005,ISE
MCID3111860272,ME
MCID3111860310,ME
MCID3111860620,ISE
MCID3111860932,CE
MCID3111860947,CE
MCID3111860956,EE
MCID3111861529,ISE
MCID3111862169,ME
MCID3111862184,ME
MCID3111862427,CE
MCID3111862437,ME
MCID3111862442,CE
MCID3111862686,ME
MCID3111862728,ME
MCID3111863418,CE
MCID3111864022,ISE
MCID3111864042,EE
MCID3111864350,ME
MCID3111864356,ISE
MCID3111864630,CE
MCID3111864643,EE
MCID3111865444,ME
MCID3111868493,ME
MCID3111868570,CE
MCID3111869050,EE
MCID3111869236,ME
MCID3111869275,CE
MCID3111869358,EE
MCID3111869515,ME
MCID3111869879,CE
MCID3111869981,CE
MCID3111870002,ME
MCID3111870123,EE
MCID3111870146,ME
MCID3111870180,ME
MCID3111870342,CE
MCID3111870437,ME
MCID3111870465,ME
MCID3111870560,ME
MCID3111870723,ME
MCID3111870740,CE
MCID3111870749,EE
MCID3111871146,CE
MCID3111871249,EE
MCID3111871369,CE
MCID3111871432,CE
MCID3111871446,CE
MCID3111871848,ME
MCID3111871876,ME
MCID3111871882,EE
MCID3111871884,EE
MCID3111871893,CE
MCID3111871936,EE
MCID3111871942,EE
MCID3111872149,CE
MCID3111872203,ME
MCID3111872267,ME
MCID3111872278,ME
MCID3111872372,ME
MCID3111872644,EE
MCID3111872686,EE
MCID3111872753,ME
MCID3111873171,CE
MCID3111873648,ME
MCID3111873700,CE
MCID3111873798,ME
MCID3111873840,EE
MCID3111873942,EE
MCID3111874101,ME
MCID3111874462,ME
MCID3111874463,ME
MCID3111874472,ME
MCID3111874616,EE
MCID3111874765,ME
MCID3111874833,ME
MCID3111875270,CE
MCID3111875294,EE
MCID3111875396,CE
MCID3111875432,ME
MCID3111875622,ME
MCID3111875800,ME
MCID3111875940,ME
MCID3111875949,ME
MCID3111876055,ME
MCID3111876115,ME
MCID3111876121,EE
MCID3111876133,CE
MCID3111876524,ME
MCID3111876540,ME
MCID3111876802,ME
MCID3111876972,ME
MCID3111877007,EE
MCID3111877035,CE
MCID3111878092,ME
MCID3111878206,ME
MCID3111882531,ME
MCID3111883535,ME
MCID3111883671,CE
MCID3111885965,CE
MCID3111885988,ME
MCID3111885991,ME
MCID3111886177,CE
MCID3111886894,ME
MCID3111889478,ME
MCID3111889554,ME
MCID3111889673,EE
MCID3111890050,ME
MCID3111890382,CE
MCID3111894566,CE
MCID3111894576,CE
MCID3111894597,CE
MCID3111894643,ME
MCID3111895216,EE
MCID3111895296,ME
MCID3111895318,CE
MCID3111895587,ME
MCID3111902067,EE
MCID3111902120,ME
MCID3111902176,CE
MCID3111902214,EE
MCID3111902481,EE
MCID3111902637,EE
MCID3111908614,EE
MCID3111908873,EE
MCID3111909281,EE
MCID3111909361,ME
MCID3111911740,CE
MCID3111911746,ME
MCID3111911770,EE
MCID3111912851,ISE
MCID3111939605,ME
MCID3111939960,EE
MCID3111940401,ME
MCID3111940421,ME
MCID3111940482,EE
MCID3111940622,ME
MCID3111940623,EE
MCID3111941639,CE
MCID3111941667,ME
MCID3111941683,EE
MCID3111941710,ME
MCID3111941717,ME
MCID3111941774,ME
MCID3111941790,ME
MCID3111941797,CE
MCID3111941918,ME
MCID3111942048,CE
MCID3111942073,ME
MCID3111942362,CE
MCID3111942472,EE
MCID3111942509,CE
MCID3111942521,ME
MCID3111942575,ME
MCID3111942919,ME
MCID3111943071,CE
MCID3111943197,CE
MCID3111943305,CE
MCID3111943310,EE
MCID3111943384,EE
MCID3111943469,ME
MCID3111944276,EE
MCID3111944289,ME
MCID3111944302,ME
MCID3111944498,ME
MCID3111944821,EE
MCID3111945126,ME
MCID3111945136,ME
MCID3111945365,CE
MCID3111945529,ME
MCID3111945725,CE
MCID3111946179,ME
MCID3111946192,ME
MCID3111946415,CE
MCID3111946433,ME
MCID3111946623,CE
MCID3111946666,CE
MCID3111947009,EE
MCID3111947015,ME
MCID3111947142,ME
MCID3111947364,ME
MCID3111947388,ME
MCID3111947461,ME
MCID3111947612,EE
MCID3111947642,EE
MCID3111947839,ME
MCID3111947961,CE
MCID3111948233,ME
MCID3111948502,CE
MCID3111948649,ME
MCID3111948678,EE
MCID3111948938,EE
MCID3111949091,ME
MCID3111949779,ME
MCID3111955173,CE
MCID3111955500,ME
MCID3111955613,ME
MCID3111955841,ME
MCID3111958189,ME
MCID3111958470,ME
MCID3111959161,ME
MCID3111959218,ME
MCID3111961601,ME
MCID3111962172,ME
MCID3111962255,ME
MCID3111962336,CE
MCID3111962679,EE
MCID3111966440,ME
MCID3111966926,ME
MCID3111967096,ME
MCID3111974502,ME
MCID3111974584,CE
MCID3111974661,ME
MCID3111974664,EE
MCID3111974975,EE
MCID3111985503,ME
MCID3111992967,EE
MCID3111993006,EE
MCID3112012728,ME
MCID3112012840,ME
MCID3112013195,ME
MCID3112013522,EE
MCID3112014376,EE
MCID3112014418,CE
MCID3112014455,ME
MCID3112014500,CE
MCID3112014597,EE
MCID3112014691,ME
MCID3112014742,CE
MCID3112014997,ME
MCID3112015160,EE
MCID3112015169,EE
MCID3112015196,EE
MCID3112015434,EE
MCID3112015488,CE
MCID3112015557,ME
MCID3112015611,EE
MCID3112015861,ME
MCID3112015888,ME
MCID3112016124,ME
MCID3112016145,ME
MCID3112016305,EE
MCID3112016414,EE
MCID3112016610,ME
MCID3112017135,ME
MCID3112017217,ME
MCID3112017282,ME
MCID3112017434,CE
MCID3112017644,EE
MCID3112017658,EE
MCID3112017869,EE
MCID3112017918,ME
MCID3112017942,CE
MCID3112018036,ME
MCID3112018216,ME
MCID3112018234,ME
MCID3112018360,CE
MCID3112018394,EE
MCID3112018403,ME
MCID3112018420,ME
MCID3112018721,CE
MCID3112018823,ME
MCID3112018873,CE
MCID3112019219,CE
MCID3112019307,ME
MCID3112019649,ME
MCID3112019938,CE
MCID3112019967,CE
MCID3112020028,ME
MCID3112020146,CE
MCID3112020320,ME
MCID3112020569,EE
MCID3112020581,CE
MCID3112020606,CE
MCID3112020638,ME
MCID3112020687,ME
MCID3112021009,EE
MCID3112021139,CE
MCID3112021167,CE
MCID3112021242,ME
MCID3112021416,CE
MCID3112021703,ME
MCID3112022079,EE
MCID3112022147,ME
MCID3112022213,ME
MCID3112022228,ME
MCID3112022291,EE
MCID3112022439,EE
MCID3112022477,ME
MCID3112023450,ME
MCID3112023555,ME
MCID3112023763,ME
MCID3112028664,CE
MCID3112028827,ME
MCID3112029013,CE
MCID3112029065,ME
MCID3112029070,ME
MCID3112032505,ME
MCID3112032588,ME
MCID3112035100,EE
MCID3112035247,ME
MCID3112035279,ME
MCID3112035681,CE
MCID3112035710,CE
MCID3112036029,ME
MCID3112036634,EE
MCID3112037596,EE
MCID3112037610,CE
MCID3112039917,ME
MCID3112040062,ME
MCID3112040461,EE
MCID3112040595,CE
MCID3112041225,ME
MCID3112047944,EE
MCID3112048074,ME
MCID3112055300,ME
MCID3112055490,EE
MCID3112067193,ME
MCID3112086700,ME
MCID3112086755,ME
MCID3112087442,ME
MCID3112087651,EE
MCID3112087946,CE
MCID3112088050,EE
MCID3112088313,CE
MCID3112088505,CE
MCID3112088693,ME
MCID3112088829,EE
MCID3112088932,CE
MCID3112088966,ME
MCID3112088999,ME
MCID3112089038,ME
MCID3112089085,ME
MCID3112089174,EE
MCID3112089194,CE
MCID3112089200,CE
MCID3112089461,EE
MCID3112089531,EE
MCID3112089581,CE
MCID3112089823,CE
MCID3112090020,ME
MCID3112090152,ME
MCID3112090501,CE
MCID3112090611,CE
MCID3112091115,ME
MCID3112091302,CE
MCID3112091321,CE
MCID3112091671,CE
MCID3112091795,ME
MCID3112091916,ME
MCID3112092134,ME
MCID3112092154,ME
MCID3112092227,ME
MCID3112092293,ME
MCID3112092497,EE
MCID3112092516,EE
MCID3112092668,ME
MCID3112092725,CE
MCID3112092868,ME
MCID3112093263,CE
MCID3112093290,CE
MCID3112093341,ME
MCID3112093356,ME
MCID3112093401,ME
MCID3112093406,EE
MCID3112093492,CE
MCID3112093775,CE
MCID3112093783,ME
MCID3112093837,CE
MCID3112094161,CE
MCID3112094290,ME
MCID3112094458,ME
MCID3112094636,ME
MCID3112094650,ME
MCID3112094845,EE
MCID3112095048,ME
MCID3112095096,ME
MCID3112095225,ME
MCID3112095322,ME
MCID3112095374,ME
MCID3112095375,ME
MCID3112095446,ME
MCID3112095643,ME
MCID3112095752,EE
MCID3112095763,EE
MCID3112095940,ME
MCID3112096105,ME
MCID3112096373,ME
MCID3112096390,ME
MCID3112096536,ME
MCID3112096540,ME
MCID3112096580,CE
MCID3112096600,CE
MCID3112096613,CE
MCID3112096687,ME
MCID3112096756,ME
MCID3112096830,CE
MCID3112096965,CE
MCID3112098161,ME
MCID3112098162,EE
MCID3112098206,CE
MCID3112098238,ME
MCID3112103688,EE
MCID3112103741,CE
MCID3112103863,ME
MCID3112103866,CE
MCID3112110431,ME
MCID3112110547,ME
MCID3112110858,CE
MCID3112112119,EE
MCID3112115269,ME
MCID3112115650,EE
MCID3112115843,ME
MCID3112115931,EE
MCID3112115954,ME
MCID3112115956,ME
MCID3112116065,ME
MCID3112116313,ME
MCID3112122949,ME
MCID3112123004,ME
MCID3112130319,CE
MCID3112130886,ME
MCID3112130922,ME
MCID3112133617,EE
MCID3112134208,EE
MCID3112135729,ME
MCID3112136904,CE
MCID3112138006,ME
MCID3112138029,ME
MCID3112138036,ME
MCID3112138631,ME
MCID3112138655,EE
MCID3112138978,ME
MCID3112139562,CE
MCID3112139606,ME
MCID3112139901,CE
MCID3112140259,ME
MCID3112140540,ME
MCID3112140739,CE
MCID3112141425,EE
MCID3112141430,CE
MCID3112141459,CE
MCID3112142146,ME
MCID3112142159,ME
MCID3112142168,EE
MCID3112142169,ME
MCID3112142349,CE
MCID3112143209,ME
MCID3112143350,ME
MCID3112143798,CE
MCID3112143933,ME
MCID3112143954,CE
MCID3112144017,CE
MCID3112144146,EE
MCID3112144408,EE
MCID3112144671,EE
MCID3112144723,ME
MCID3112144878,ME
MCID3112144911,ME
MCID3112145348,CE
MCID3112145716,CE
MCID3112146043,ME
MCID3112146072,EE
MCID3112146864,CE
MCID3112147210,CE
MCID3112147265,CE
MCID3112147338,CE
MCID3112147396,CE
MCID3112147496,ME
MCID3112147531,CE
MCID3112147540,ME
MCID3112147751,EE
MCID3112147953,ME
MCID3112148179,CE
MCID3112148313,ME
MCID3112148578,EE
MCID3112148726,ME
MCID3112148750,CE
MCID3112149087,ME
MCID3112149310,EE
MCID3112149646,CE
MCID3112149673,ME
MCID3112149902,CE
MCID3112150209,CE
MCID3112150306,ME
MCID3112150307,ME
MCID3112150438,EE
MCID3112150580,CE
MCID3112150603,ME
MCID3112150641,ME
MCID3112151590,ME
MCID3112160377,ME
MCID3112164190,ME
MCID3112164276,CE
MCID3112164894,ME
MCID3112165435,CE
MCID3112166217,EE
MCID3112166964,ME
MCID3112173072,EE
MCID3112173153,CE
MCID3112173237,CE
MCID3112184672,EE
MCID3112187962,ME
MCID3112188287,ME
MCID3112188540,EE
MCID3112188563,ME
MCID3112188585,CE
MCID3112188775,CE
MCID3112189479,EE
MCID3112189573,ME
MCID3112189624,ME
MCID3112189792,ME
MCID3112189800,EE
MCID3112189850,EE
MCID3112189861,ME
MCID3112189904,ME
MCID3112189905,CE
MCID3112189982,CE
MCID3112190106,CE
MCID3112190778,EE
MCID3112191071,ME
MCID3112191170,CE
MCID3112191570,EE
MCID3112191752,EE
MCID3112192270,ME
MCID3112192365,CE
MCID3112193007,CE
MCID3112193114,ME
MCID3112193262,CE
MCID3112193494,ME
MCID3112194273,ME
MCID3112194283,CE
MCID3112194357,CE
MCID3112194372,ME
MCID3112194516,ME
MCID3112194599,ME
MCID3112194780,EE
MCID3112194788,CE
MCID3112195247,ME
MCID3112195479,CE
MCID3112195493,ME
MCID3112195512,ME
MCID3112195710,ME
MCID3112195716,ME
MCID3112195804,ME
MCID3112196002,EE
MCID3112196116,ME
MCID3112196156,ME
MCID3112196197,CE
MCID3112196339,EE
MCID3112196570,ME
MCID3112196706,ME
MCID3112196746,ME
MCID3112196751,ME
MCID3112197015,CE
MCID3112197038,ME
MCID3112197261,ME
MCID3112197312,EE
MCID3112197667,ME
MCID3112197913,ME
MCID3112198399,CE
MCID3112198715,EE
MCID3112198730,ME
MCID3112204776,ME
MCID3112204959,ME
MCID3112207393,CE
MCID3112210607,ME
MCID3112210631,ME
MCID3112211487,ME
MCID3112211508,ME
MCID3112219256,CE
MCID3112219322,ME
MCID3112219521,EE
MCID3112220216,ME
MCID3112231797,EE
MCID3112234712,ME
MCID3112235067,CE
MCID3112235410,ME
MCID3112235592,CE
MCID3112236497,CE
MCID3112236647,ME
MCID3112236805,ME
MCID3112237271,ME
MCID3112237755,ME
MCID3112237877,ME
MCID3112237889,CE
MCID3112237934,ME
MCID3112237983,ME
MCID3112238331,CE
MCID3112238477,ME
MCID3112238949,EE
MCID3112238986,ME
MCID3112239160,ME
MCID3112239671,ME
MCID3112239708,ME
MCID3112239813,ME
MCID3112239933,ME
MCID3112240043,ME
MCID3112240206,ME
MCID3112240339,CE
MCID3112240538,ME
MCID3112240871,CE
MCID3112241471,ME
MCID3112241720,ME
MCID3112241721,ME
MCID3112241773,ME
MCID3112242302,ME
MCID3112242564,CE
MCID3112242567,ME
MCID3112242635,ME
MCID3112242794,ME
MCID3112243010,ME
MCID3112243024,ME
MCID3112243089,CE
MCID3112243504,CE
MCID3112243714,EE
MCID3112243918,ME
MCID3112243981,ME
MCID3112245016,EE
MCID3112245019,ME
MCID3112245240,ME
MCID3112245286,CE
MCID3112245377,CE
MCID3112245459,CE
MCID3112246437,CE
MCID3112252824,CE
MCID3112253418,ME
MCID3112254683,ME
MCID3112256893,CE
MCID3112260080,ME
MCID3112270572,ME
MCID3112270648,EE
MCID3112270690,EE
MCID3112271197,ME
MCID3112271400,CE
MCID3112271446,ME
MCID3112285178,ME
MCID3112288263,CE
MCID3112288873,ME
MCID3112289457,CE
MCID3112290050,ME
MCID3112290719,CE
MCID3112291024,ME
MCID3112291059,ME
MCID3112291385,CE
MCID3112291403,ME
MCID3112291489,CE
MCID3112291659,CE
MCID3112291678,CE
MCID3112292393,ME
MCID3112292628,CE
MCID3112292822,ME
MCID3112292864,ME
MCID3112293057,ME
MCID3112293103,ME
MCID3112293477,EE
MCID3112293540,ME
MCID3112294356,EE
MCID3112294909,EE
MCID3112295115,ME
MCID3112295183,CE
MCID3112295275,EE
MCID3112295546,ME
MCID3112296006,CE
MCID3112296172,ME
MCID3112296177,ME
MCID3112296241,ME
MCID3112296429,ME
MCID3112296578,ME
MCID3112296584,CE
MCID3112296667,CE
MCID3112296783,CE
MCID3112296838,ME
MCID3112297040,CE
MCID3112297483,CE
MCID3112297614,EE
MCID3112297884,ME
MCID3112297955,EE
MCID3112297969,ME
MCID3112298053,ME
MCID3112298133,EE
MCID3112298156,CE
MCID3112298327,CE
MCID3112298336,ME
MCID3112298444,CE
MCID3112298481,ME
MCID3112298554,CE
MCID3112298661,EE
MCID3112298721,CE
MCID3112298793,CE
MCID3112300066,ME
MCID3112300428,CE
MCID3112300849,ME
MCID3112301174,CE
MCID3112301185,CE
MCID3112306171,CE
MCID3112306237,ME
MCID3112306283,ME
MCID3112306638,CE
MCID3112307260,ME
MCID3112307721,ME
MCID3112307748,ME
MCID3112310713,CE
MCID3112310751,EE
MCID3112314025,ME
MCID3112314878,ME
MCID3112317335,ME
MCID3112317362,EE
MCID3112317368,ME
MCID3112317622,ME
MCID3112325465,CE
MCID3112325979,EE
MCID3112326119,CE
MCID3112326140,ME
MCID3112326165,ME
MCID3112326291,ME
MCID3112326677,ME
MCID3112345063,EE
MCID3112345525,CE
MCID3112345695,ME
MCID3112346131,ME
MCID3112346333,EE
MCID3112346389,ME
MCID3112346393,CE
MCID3112346394,EE
MCID3112347203,CE
MCID3112347260,CE
MCID3112347276,CE
MCID3112347277,ME
MCID3112347391,ME
MCID3112347424,CE
MCID3112347425,CE
MCID3112347661,CE
MCID3112347812,ME
MCID3112347836,ME
MCID3112348023,EE
MCID3112348051,CE
MCID3112348096,CE
MCID3112348160,EE
MCID3112348255,ME
MCID3112348278,CE
MCID3112348351,ME
MCID3112348464,CE
MCID3112348620,CE
MCID3112348813,ME
MCID3112349039,EE
MCID3112349296,ME
MCID3112349299,ME
MCID3112349438,EE
MCID3112349622,ME
MCID3112349825,ME
MCID3112349925,CE
MCID3112349988,CE
MCID3112350509,ME
MCID3112350696,CE
MCID3112350921,CE
MCID3112351048,ME
MCID3112351070,CE
MCID3112351284,ME
MCID3112351338,ME
MCID3112351366,CE
MCID3112351401,ME
MCID3112351567,EE
MCID3112351801,CE
MCID3112351817,ME
MCID3112351819,ME
MCID3112351835,EE
MCID3112352234,ME
MCID3112352366,CE
MCID3112352463,ME
MCID3112352549,EE
MCID3112352646,EE
MCID3112352655,CE
MCID3112352667,EE
MCID3112352679,ME
MCID3112352822,CE
MCID3112352949,ME
MCID3112353277,CE
MCID3112353332,ME
MCID3112353351,CE
MCID3112353588,ME
MCID3112353622,EE
MCID3112353808,CE
MCID3112353920,CE
MCID3112353987,ME
MCID3112354030,CE
MCID3112354071,CE
MCID3112354088,ME
MCID3112354225,ME
MCID3112354448,ME
MCID3112354592,ME
MCID3112354629,ME
MCID3112354643,ME
MCID3112354747,CE
MCID3112356862,CE
MCID3112357531,ME
MCID3112364489,EE
MCID3112365551,ME
MCID3112365688,ME
MCID3112365717,CE
MCID3112369455,CE
MCID3112369462,ME
MCID3112372249,ME
MCID3112372583,CE
MCID3112372678,CE
MCID3112372698,ME
MCID3112372761,CE
MCID3112372835,CE
MCID3112377262,ME
MCID3112378113,ME
MCID3112384695,ME
MCID3112385101,CE
MCID3112385141,ME
MCID3112385220,ME
MCID3112385324,ME
MCID3112387986,ME
MCID3112405196,ME
MCID3112406651,ME
MCID3112406924,ME
MCID3112408025,CE
MCID3112408062,ME
MCID3112408076,ME
MCID3112408124,EE
MCID3112408168,ME
MCID3112408196,CE
MCID3112408249,ME
MCID3112408280,ME
MCID3112408289,CE
MCID3112408381,ME
MCID3112408637,ME
MCID3112408662,EE
MCID3112408743,CE
MCID3112408834,ME
MCID3112408986,ME
MCID3112409000,EE
MCID3112409001,ME
MCID3112409057,ME
MCID3112409476,ME
MCID3112409986,ME
MCID3112410061,CE
MCID3112410706,CE
MCID3112411056,ME
MCID3112411245,EE
MCID3112411317,ME
MCID3112411604,ME
MCID3112411808,CE
MCID3112411918,ME
MCID3112411975,ME
MCID3112412023,ME
MCID3112412439,EE
MCID3112412498,ME
MCID3112412511,ME
MCID3112412691,ME
MCID3112412716,ME
MCID3112412801,ME
MCID3112412886,ME
MCID3112412892,ME
MCID3112412916,ME
MCID3112413348,ME
MCID3112413350,CE
MCID3112413588,ME
MCID3112413799,EE
MCID3112413828,CE
MCID3112413853,ME
MCID3112413856,EE
MCID3112414086,ME
MCID3112414444,CE
MCID3112414626,EE
MCID3112414645,ME
MCID3112414647,ME
MCID3112414805,CE
MCID3112415182,CE
MCID3112415260,CE
MCID3112415535,EE
MCID3112415583,CE
MCID3112415621,ME
MCID3112415920,CE
MCID3112417833,ME
MCID3112424816,ME
MCID3112425910,ME
MCID3112426887,ME
MCID3112431272,ME
MCID3112431365,CE
MCID3112431577,ME
MCID3112431743,ME
MCID3112435310,CE
MCID3112435330,ME
MCID3112439899,EE
MCID3112440065,ME
MCID3112440962,ME
MCID3112442749,ME
MCID3112442793,EE
MCID3112442797,CE
MCID3112442803,ME
MCID3112443012,CE
MCID3112443246,ME
MCID3112443444,ME
MCID3112446487,CE
MCID3112461879,ME
MCID3112465370,EE
MCID3112465763,ME
MCID3112466503,ME
MCID3112466521,ME
MCID3112466540,CE
MCID3112466787,EE
MCID3112466928,ME
MCID3112467012,ME
MCID3112467292,CE
MCID3112467559,ME
MCID3112467691,ME
MCID3112467751,ME
MCID3112467788,ME
MCID3112467797,ME
MCID3112467802,ME
MCID3112467808,CE
MCID3112467845,ME
MCID3112467910,EE
MCID3112467955,ME
MCID3112468019,CE
MCID3112468095,CE
MCID3112468339,ME
MCID3112468350,EE
MCID3112468429,ME
MCID3112468493,CE
MCID3112469133,ME
MCID3112469214,CE
MCID3112469253,ME
MCID3112469646,CE
MCID3112469961,EE
MCID3112470012,ME
MCID3112470027,ME
MCID3112470095,ME
MCID3112470255,ME
MCID3112470380,ME
MCID3112470541,CE
MCID3112470678,ME
MCID3112470689,CE
MCID3112470748,ME
MCID3112470828,ME
MCID3112470975,ME
MCID3112471185,CE
MCID3112471252,ME
MCID3112471529,EE
MCID3112471559,ME
MCID3112472257,EE
MCID3112472590,CE
MCID3112472625,CE
MCID3112472750,ME
MCID3112473298,CE
MCID3112473939,ME
MCID3112473955,ME
MCID3112473964,ME
MCID3112474076,EE
MCID3112474093,CE
MCID3112474101,ME
MCID3112474204,ME
MCID3112474271,CE
MCID3112474376,ME
MCID3112474684,ME
MCID3112474774,CE
MCID3112474781,ME
MCID3112474801,CE
MCID3112474881,ME
MCID3112474931,ME
MCID3112474966,ME
MCID3112475022,CE
MCID3112475209,ME
MCID3112476112,CE
MCID3112477147,CE
MCID3112485292,ME
MCID3112485460,EE
MCID3112486336,ME
MCID3112486536,EE
MCID3112486560,ME
MCID3112486884,ME
MCID3112487234,ME
MCID3112491463,ME
MCID3112491665,ME
MCID3112492422,ME
MCID3112492578,CE
MCID3112492676,ME
MCID3112498229,ME
MCID3112498302,ME
MCID3112498354,CE
MCID3112498589,CE
MCID3112498953,EE
MCID3112500815,CE
MCID3112501013,EE
MCID3112501189,ME
MCID3112501204,CE
MCID3112504588,ME
MCID3112504602,ME
MCID3112580857,ME
MCID3112581359,ME
MCID3112581879,ME
MCID3112586098,ME
MCID3112586205,ME
MCID3112586721,ME
MCID3112587055,ME
MCID3112587097,ME
MCID3112587142,ME
MCID3112587908,ME
MCID3112588539,ME
MCID3112588670,ME
MCID3112589272,ME
MCID3112589384,EE
MCID3112589693,ME
MCID3112589697,CE
MCID3112590127,ME
MCID3112590174,ME
MCID3112590187,CE
MCID3112590231,ME
MCID3112591192,ME
MCID3112591232,ME
MCID3112591858,ME
MCID3112592112,ME
MCID3112592162,CE
MCID3112592610,ME
MCID3112592618,ME
MCID3112592942,ME
MCID3112593131,ME
MCID3112593277,ME
MCID3112593498,CE
MCID3112593860,ME
MCID3112594060,ME
MCID3112594478,CE
MCID3112594656,CE
MCID3112595110,CE
MCID3112595314,ME
MCID3112595505,ME
MCID3112595616,ME
MCID3112595698,ME
MCID3112595740,ME
MCID3112595883,ME
MCID3112597857,ME
MCID3112603239,ME
MCID3112603260,ME
MCID3112603947,CE
MCID3112604430,ME
MCID3112605117,EE
MCID3112610409,ME
MCID3112617654,EE
MCID3112617717,ME
MCID3112618553,ME
MCID3112618574,ME
MCID3112618976,ME
MCID3112619484,EE
MCID3112641535,ME
